Nombre,AppID,Desarrollador,PrecioInicial,Moneda,CalificacionUsers,Genero,Plataforma,FechaSalida,TamanoGB,SoporteMods,ComprasEnLaApp,Resenas,Descargas,UserOnline
(the) Gnorp Apologue,1473350,Myco,6.99,USD,2.6,RPG,windows,"14 Dec, 2023",92,Si,No,Mixto,21805,3438
100 hidden birds,1473050,"Anatoliy Loginovskikh, Аlexandr Telminov",1.99,USD,4.7,Adventure,mac,"2 Dec, 2020",18,No,Si,Mayormente Positivo,61826,3125
A Game of Gods: Infinium,2430020,Studio Zenn,To be announced,To be announced,4.6,Casual,windows,To be announced,34,Si,Si,Mayormente Negativo,99815,9357
A Pigeon Detective Game: Twin Beaks,1875230,Alex Taylor,To be announced,To be announced,2.4,Strategy,mac,To be announced,65,No,Si,Mayormente Positivo,33932,1548
A.V.A Global,1473480,Valiant,0.00,,1.9,Indie,mac,"23 Aug, 2022",23,Si,Si,Mayormente Negativo,37633,3603
AI.Cybercraft,2429630,"Khalil Al Gemayel, Desinovation Games",3.99,USD,3.3,Casual,mac,"21 Mar, 2024",34,No,No,Mayormente Positivo,22712,3845
ANYU,2431310,DigiPen Europe-Bilbao,0.00,,2.2,RPG,windows,"16 Jun, 2023",36,Si,Si,Mixto,44723,4461
AZURE DOMAIN™ Playtest,1473200,,,,4.6,Strategy,linux,"18 Nov, 2020",23,Si,Si,Mayormente Positivo,90698,9392
Aircraft Sketch Shooter,1473170,Stusse Games,2.99,USD,3.5,Adventure,mac,"11 Jan, 2021",73,Si,Si,Mayormente Negativo,54210,1828
Angel Sex Pet,1474100,Cybele,9.99,USD,2.2,Strategy,linux,"24 Dec, 2020",87,Si,No,Muy positivo,71442,7111
Are You Smarter Than The Crowd?,1473270,TipsyDuck,1.99,USD,2.8,Strategy,windows,"7 Apr, 2022",73,Si,No,Mayormente Positivo,29470,9488
Aria,1875540,Endware,0.00,,3.2,Indie,windows,"11 Mar, 2022",1,Si,No,Muy Negativo,1882,3101
Astrosmash,2430580,BBG Entertainment GmbH,14.99,USD,3.4,Action,linux,"11 Oct, 2023",17,No,Si,Mayormente Positivo,66399,5250
Beyond the Storm,1473760,LeandroGabriel.net,11.99,USD,3.9,RPG,windows,"3 Oct, 2022",64,No,No,Mayormente Positivo,90347,9314
Black Gold,1473260,CreativeForge Games,Coming soon,Coming soon,3.6,Strategy,windows,Coming soon,73,Si,No,Muy positivo,18231,6514
Breached,2431480,voxel zombie,To be announced,To be announced,4.3,Indie,mac,To be announced,65,Si,Si,Mayormente Negativo,77563,267
Brothers in Hell,2428990,Moonsaurus Games,8.99,USD,1.9,Adventure,linux,"3 Nov, 2023",47,Si,Si,Muy Negativo,99339,8955
Burger Cooking Simulator,2427770,Pickle Drugs,4.99,USD,1.9,Action,mac,"12 Jun, 2023",1,Si,No,Muy positivo,10547,3390
Butterfly//Circuit,2428260,WireWARE,9.99,USD,2.5,Indie,mac,"1 Aug, 2024",96,Si,Si,Mayormente Negativo,62872,8898
Bye Sweet Carole,2428980,"Little Sewing Machine, Meangrip Studios",,,2.8,Action,linux,2025,41,No,No,Mayormente Positivo,97158,4074
CATASS,2430220,"Angel De Franganillo, Antiheroe.com",0.00,,3.6,Indie,windows,"23 Jun, 2023",28,No,No,Mixto,40837,7987
Cafe Owner Simulator: Prologue,1473250,Second Reality,0.00,,3.4,Action,mac,"21 Jun, 2022",73,Si,No,Mayormente Negativo,52052,2363
Caislean: Paranormal,2429590,yosheDev,0.00,,3.9,Adventure,windows,"3 Jun, 2023",80,No,Si,Muy positivo,27455,3920
Castle of Terror,2430620,"Beam Software, Melbourne House",2.99,USD,4.1,Adventure,mac,"15 Jun, 2023",17,No,Si,Muy Negativo,66361,7750
Cat-aclysm,2431320,DigiPen Europe-Bilbao,0.00,,4.0,RPG,windows,"9 Jun, 2023",36,Si,Si,Muy Negativo,4429,6797
Chill IV,1472960,ZELENIUK,0.99,USD,2.5,Strategy,mac,"4 Dec, 2020",58,Si,No,Mayormente Negativo,91901,8429
Clover Day's Plus,2430690,ALcot,34.99,USD,3.5,Action,mac,"18 Aug, 2023",34,No,No,Muy Negativo,52289,9295
Corridor Playtest,1472440,,,,3.1,Strategy,mac,"11 Nov, 2020",15,Si,Si,Mayormente Positivo,80072,9324
Crackin' Smackin,1875100,Lifelight Entertainment GmbH,0.00,,3.6,Indie,linux,"7 Jun, 2024",68,No,No,Mayormente Positivo,54009,7625
Cube Clash: Rumble and Smash,2431370,New Monster on the Block,Coming soon,Coming soon,4.3,Casual,windows,Coming soon,51,Si,No,Mayormente Positivo,49899,2890
Cubytet,1875800,AP2 Games,3.99,USD,2.7,RPG,windows,"21 Feb, 2022",31,No,No,Muy positivo,86249,9570
Cyber NINJA that Climbs the City,2431230,Michigames,4.99,USD,1.4,Adventure,windows,"7 Jul, 2023",15,Si,Si,Muy positivo,8054,829
DIVE,1874620,Trey Hayden,0.00,Coming soon,2.7,Strategy,mac,Coming soon,7,Si,Si,Mayormente Positivo,45449,9069
DYSPLACED,2430390,10tons Ltd,To be announced,To be announced,2.5,Casual,linux,To be announced,45,No,Si,Muy Negativo,3546,7995
Das Balkonzimmer,1472740,FLO-server,0.00,,1.9,Casual,windows,"2 Dec, 2020",18,Si,No,Mayormente Negativo,85773,1401
Daycare Descent,2429260,"Isaiah Rivera, Josh Cole, Peter Ouzts, Zach Peterson, Brandon Mann",0.00,,2.0,Adventure,linux,"16 Jul, 2023",23,Si,No,Mayormente Positivo,32281,3998
Des racines et des graines,2428790,"Sweet Dreams Studio, Marion Denmat, Guillet Anthony, Sylvain Kauffeisen, Manon Liénart",0.00,,3.8,Strategy,windows,"4 Sep, 2023",57,Si,No,Mayormente Positivo,13715,1266
Don't Push Me,1874420,Jakeypoo,1.99,USD,4.1,Action,linux,"31 Jan, 2022",34,Si,Si,Mayormente Positivo,2846,7846
Doomsday School,2431360,Doomsday,9.99,USD,3.4,Adventure,mac,"14 Oct, 2023",51,Si,No,Mixto,60901,715
Doors of Insanity Playtest,1473290,,,,4.5,Indie,mac,"14 Jan, 2021",73,Si,No,Mayormente Negativo,46069,5739
Doughbee,2429160,One Entity,4.99,USD,1.7,Strategy,linux,"9 Sep, 2023",62,No,Si,Mayormente Positivo,25860,5951
DreamCowork Beta,1474110,"Unreal Estates UG, CrystalMesh UG",0.00,,3.2,RPG,linux,"13 May, 2021",70,Si,No,Muy Negativo,4342,2587
Effugium,2429720,"Souporno Ghosh, Varun Peesapati",0.00,,3.8,Casual,windows,"3 Jul, 2023",90,Si,Si,Mayormente Negativo,75649,762
Elf World Adventure: Part 1,1874720,"White Panda Studio, 430Games",1.99,USD,3.2,Strategy,mac,"15 Mar, 2022",7,Si,Si,Mayormente Negativo,17206,8420
Elrit Clover -A forest in the rut is full of dangers-,1473630,azucat,14.99,USD,3.7,RPG,windows,"23 Dec, 2020",15,No,Si,Mayormente Positivo,24396,1132
Fallen Light,2428700,Vyvex Games,To be announced,To be announced,3.9,Casual,windows,To be announced,80,No,Si,Muy Negativo,87561,706
Family Arcade,2430760,Family Nights,0.00,,3.3,Adventure,windows,"1 Dec, 2023",51,No,Si,Muy positivo,41754,5983
Far Away From Home,1874260,Matthew Wong,19.99,USD,1.7,Adventure,windows,"18 Aug, 2022",65,No,Si,Mayormente Positivo,64431,5094
Feeble Light,2428620,"Panda Indie Studio, Eastasiasoft Limited",4.99,USD,2.4,Casual,windows,"7 Jul, 2023",1,Si,No,Mayormente Positivo,90174,8251
Firing Vibes Playtest,1472390,,,,3.1,Adventure,windows,"18 Nov, 2020",20,No,No,Muy Negativo,16193,9840
FlippedDream,2430190,YUZHU PRODUCTIONS,1.99,USD,4.9,Casual,windows,"5 Jun, 2023",28,No,No,Mayormente Negativo,64056,8312
Flock,1472930,"Hollow Ponds, Richard Hogg",19.99,USD,3.5,Adventure,windows,"16 Jul, 2024",95,Si,No,Muy Negativo,75295,2668
Fluids & Sounds: Mind relaxing and meditative,1874990,"Marvin Krüger, MK Arts and Visuals",3.99,USD,3.5,Indie,windows,"3 Feb, 2022",1,No,Si,Muy Negativo,16717,3699
G.NOM,1473380,Team Hardcell,Coming soon,Coming soon,3.7,Adventure,windows,Coming soon,92,Si,No,Muy positivo,24977,4627
GO,1874220,Wellington,0.99,USD,4.2,RPG,mac,"17 Feb, 2022",19,Si,Si,Muy positivo,48716,7708
Galactic Grinder,2431330,DigiPen Europe-Bilbao,0.00,,2.3,Strategy,mac,"23 Jun, 2023",36,Si,Si,Mayormente Negativo,42619,7839
Garden Buddies,2429090,JamPics,14.99,USD,2.8,Indie,linux,"20 Oct, 2023",78,Si,No,Mixto,51999,9245
Gate One,2429580,Eternal Games,4.99,USD,3.0,Action,windows,"12 Jul, 2023",58,Si,No,Mayormente Positivo,49898,6273
Gennady,2430010,Feed 64,Coming soon,Coming soon,2.9,Adventure,mac,Coming soon,15,No,Si,Muy Negativo,82549,4096
Gentlemen's Puzzle Club,2429070,Luxe Haven Games,1.99,USD,4.3,RPG,linux,"13 Jun, 2023",47,Si,Si,Mayormente Negativo,28758,9600
Gigant,1875670,UKZ Arts,3.99,USD,3.3,Strategy,mac,"12 Aug, 2022",3,Si,No,Mayormente Positivo,27714,3622
Girls on puzzle 2,1474130,Laush Dmitriy Sergeevich,2.99,USD,2.8,Strategy,windows,"2 Dec, 2020",43,Si,No,Muy Negativo,68166,7390
Gold Diggers,1473490,KIKO CAT,Coming soon,Coming soon,2.8,Action,mac,Coming soon,43,Si,No,Muy Negativo,49544,2195
Golems TD,1473850,Matouš Lörinc,9.99,USD,4.9,Casual,windows,"9 Dec, 2020",18,No,No,Muy positivo,49049,2699
Gondola's Adventure,1473540,"""IceBears Untold Tales""",0.00,,3.3,RPG,windows,"24 Feb, 2021",79,No,No,Mayormente Positivo,51218,4496
Gotchaball,2429480,Gimma Games,,,2.3,Casual,linux,Q1 2025,11,Si,No,Mayormente Negativo,69044,2315
Grab The Goblins!,2431410,nobones,1.99,USD,3.2,RPG,linux,"27 Jun, 2023",20,No,No,Mixto,47749,6341
Grandmasters Ascent,2431280,Zugzwang Studios,0.00,To be announced,3.5,Indie,linux,To be announced,36,Si,Si,Muy positivo,36926,6797
Grim Tales: Graywitch Collector's Edition,1875530,Elephant Games,9.99,USD,2.1,Strategy,linux,"25 Jan, 2022",1,Si,No,Mayormente Negativo,78266,3882
Guess Colors,1473100,Paulo Sigrist,0.99,USD,4.0,RPG,linux,"8 Dec, 2020",18,No,Si,Mayormente Negativo,82905,4775
HANAMI,1473420,Blessing Company,1.99,USD,2.7,Action,windows,"2 Dec, 2020",23,Si,Si,Muy positivo,67892,6362
Habroxia 2,1473550,Lillymo Games,9.99,USD,3.1,Adventure,linux,"3 Feb, 2021",15,No,Si,Mayormente Positivo,88743,2148
Harmonis: the hand-made kingdoms,2429540,Catvin Catowsky,13.99,USD,2.7,Strategy,windows,"25 Jul, 2024",4,No,Si,Mixto,52878,9519
Hauma - A Detective Noir Story - Prologue,2430300,SenAm Games,0.00,,3.6,Adventure,linux,"19 May, 2023",37,No,No,Mayormente Negativo,46998,8045
Heart in the Dark Playtest,1472760,,,,2.9,Casual,linux,"27 Nov, 2020",42,Si,No,Mayormente Positivo,6181,5094
Hell Loop,1473870,LogLog Games,2.99,USD,1.2,Action,mac,"23 Dec, 2020",19,Si,Si,Mixto,22486,6929
Hellver Playtest,1473390,,,,4.0,Adventure,linux,"15 Nov, 2020",92,Si,No,Mayormente Positivo,79775,2433
Hentai Forever,1472950,Boom Team,0.99,USD,2.5,RPG,mac,"18 Dec, 2020",23,Si,Si,Muy Negativo,93871,9878
Hentai Student,1874480,hhhentai studio,Coming soon,Coming soon,2.4,Adventure,mac,Coming soon,24,Si,No,Mixto,25430,5036
Hentai it's my life,1473920,Boom Team,0.99,USD,1.8,Action,mac,"25 Dec, 2020",19,Si,Si,Mayormente Positivo,99542,7195
Homestar Runner: Halloween Hide n' Seek,2429100,Videlectrix,1.99,USD,2.2,Casual,windows,"6 Aug, 2023",78,Si,No,Muy positivo,71143,5926
Hooked,2429750,LostGameDev,To be announced,To be announced,1.6,RPG,windows,To be announced,90,Si,Si,Mayormente Negativo,34497,3969
Hope is Gone,2430680,Helemon,3.99,USD,2.6,Casual,linux,"15 Feb, 2024",34,No,No,Muy Negativo,88985,6719
Hot Girls Delivery Club,2430200,SSASSY,2.99,USD,2.9,Indie,mac,"5 Oct, 2023",28,No,No,Mayormente Positivo,47128,2571
Hundred Chances - The Fortress,1473220,Kaká Gamer & Dev,0.99,USD,3.0,RPG,mac,"8 Jan, 2021",42,Si,No,Muy Negativo,55873,9248
I don't think I've walked this stretch of road before,1874200,hexcavator,1.99,USD,1.7,Action,mac,"31 Jan, 2022",81,Si,Si,Mayormente Positivo,82385,3820
Incubus Quest,2429890,SweetRaspberry,14.99,USD,3.2,RPG,mac,"12 Jan, 2024",29,Si,No,Muy positivo,51965,9578
Infernal Apocalypse: Rise of the Underworld,2428680,Leonid Bazhanov,Coming soon,Coming soon,2.7,Adventure,mac,Coming soon,80,No,Si,Muy positivo,39363,2785
Infinadeck Medieval Maze,1874560,Infinadeck Studios,0.00,,3.0,Indie,windows,"23 Feb, 2022",65,No,Si,Muy positivo,94220,9576
Interactive Gun Range Beta,2428880,,,,3.5,RPG,mac,"7 Jul, 2023",57,Si,No,Muy positivo,26341,86
Into the Pyramid Playtest,1472340,,,,4.2,Action,mac,"27 Nov, 2020",2,Si,Si,Muy Negativo,63306,5708
Inu's Adventure,1873820,Dr. Darf,4.99,USD,3.1,Indie,mac,"8 Dec, 2022",25,Si,Si,Mixto,79998,695
Irang : the last hope,2428480,SnoozyMonday,2.99,USD,3.4,Adventure,windows,"20 Jul, 2023",87,No,Si,Muy positivo,43978,2455
Johnny Rocketfingers Complete Game Collection!,2429760,Ryan Khatam,0.00,,2.9,Adventure,windows,"9 Jun, 2023",90,Si,Si,Mixto,27701,553
Just Find It 2,2428320,Tiny Little Lion,11.99,USD,2.6,Casual,windows,"11 Jul, 2023",47,No,Si,Muy positivo,64172,9130
Karolina,1874380,Azzunyan,1.99,USD,3.6,Indie,linux,"1 May, 2022",86,No,No,Mixto,89535,8030
Kitty Tactics,1473820,Ibe Denaux,3.99,USD,3.6,Indie,linux,"24 Feb, 2021",30,Si,No,Mayormente Positivo,95287,6080
Knightlife,1874510,Leturs Labs,11.99,USD,4.3,Strategy,linux,"14 Jul, 2022",2,No,Si,Mayormente Positivo,50031,343
Laser Survivor,2430800,Andrey Kopylov,To be announced,To be announced,3.2,Casual,mac,To be announced,51,No,Si,Mayormente Negativo,12071,2103
Life of Ocean,1473790,Friedegg Game Studio,Coming soon,Coming soon,3.5,Action,windows,Coming soon,70,Si,No,Muy Negativo,10485,4254
Light of Coco,2428410,Amerosa Games,To be announced,To be announced,1.1,Adventure,mac,To be announced,47,No,Si,Mayormente Positivo,47582,4921
Liona's Adventure,2429000,"Peyman Hadizadeh, Keyvan Hadizadeh, Maria Nosouhian",Coming soon,Coming soon,2.8,Casual,linux,Coming soon,3,Si,No,Mixto,7246,972
Lord Of Terror,2429040,SimulatedFantasy,0.99,USD,2.9,RPG,mac,"28 May, 2023",47,Si,Si,Mayormente Positivo,79628,6728
Lumber Party,1473000,Mr. Moo,0.00,,2.5,Strategy,windows,"21 Dec, 2020",18,No,Si,Mayormente Positivo,69022,3903
Macro golf,1472260,Vitok,4.99,USD,4.1,Action,windows,"14 Dec, 2020",79,No,No,Muy Negativo,39773,5984
MagicArchitect,2431390,Sisin Games,0.00,,3.0,Adventure,windows,"31 May, 2023",51,Si,No,Muy positivo,90504,7746
Mare,1875560,Lonekite Games,19.99,USD,2.0,Strategy,linux,"31 Mar, 2022",57,Si,No,Mixto,99098,342
Marsmare: Alienation,1875120,Drunk Fly Oy,1.99,USD,2.3,Casual,linux,"27 May, 2024",35,Si,No,Mayormente Negativo,19671,4922
Masquerade Kiss,2428600,UNICO INC.,34.99,USD,3.7,RPG,mac,"3 Aug, 2023",68,No,Si,Mixto,89130,7723
Megabat,2429230,Arff Studios,To be announced,To be announced,2.3,RPG,windows,To be announced,95,No,No,Mayormente Positivo,33967,681
Metal Shock Game Playtest,1874470,,,,3.1,RPG,mac,"2 Feb, 2022",34,Si,Si,Muy Negativo,31083,8688
Mighty Marbles,2430310,James Oliver,Coming soon,Coming soon,1.6,Casual,mac,Coming soon,28,No,No,Mayormente Positivo,52481,9306
Mini Mini-Golf,1874400,Piece Of Voxel,9.99,USD,3.3,Adventure,windows,"28 Jan, 2022",86,No,No,Mayormente Positivo,42583,2030
Mori,1874500,Alex Kramer,1.99,USD,3.1,RPG,windows,"11 Feb, 2022",24,Si,No,Mayormente Negativo,13317,3955
Mrs. Santa's Gift Hunt,1473660,Tuomo Laine,0.00,,4.0,Indie,linux,"30 Nov, 2020",84,No,No,Mayormente Negativo,64305,5206
MultiVerse,1473940,Hero Studio,0.00,,3.2,Indie,windows,"19 Mar, 2022",19,Si,Si,Mixto,55504,6195
My Child Lebensborn Remastered,2430730,Sarepta Studio AS,7.99,USD,3.0,RPG,windows,"18 Jul, 2023",51,No,Si,Mixto,15573,4844
NIGHT/SHADE: You're The Drug,1474120,Thrill Switch Games,15.99,USD,3.7,RPG,windows,"10 Mar, 2022",33,No,Si,Muy positivo,79858,824
NOMAD Revisited,1472330,Pixel Games UK,1.99,USD,3.0,Strategy,windows,"10 Dec, 2020",70,Si,No,Muy positivo,42142,9735
NecroFarm,1873780,Podigi Games,2.99,USD,3.4,Adventure,windows,"7 Oct, 2024",25,Si,No,Muy positivo,62762,5994
Neon Parkour 2,2428690,Aquila Games,1.99,USD,4.5,Casual,linux,"6 Jul, 2023",80,No,Si,Muy positivo,9452,2529
Nextbots In The Backrooms,2429490,Performance Artist,0.99,USD,2.3,RPG,linux,"2 Jun, 2023",4,No,Si,Mayormente Positivo,42487,3127
NightHover,2429410,CoolExGames,4.99,USD,2.9,Casual,windows,"27 May, 2023",48,No,Si,Mayormente Positivo,22663,5808
Ninjas Against the Machines,1875470,Ome6a Games,7.99,USD,1.8,Casual,mac,"18 Feb, 2022",1,Si,No,Muy Negativo,83554,5273
Noxious Weeds,2429310,Solar Eclipse Games,4.99,USD,2.4,Indie,mac,"9 Jan, 2024",95,No,No,Muy positivo,23986,9532
OVERLODE: Battle over Azmonite,2428230,Ablizmo Games,,,3.4,RPG,windows,Q4 2024,74,Si,No,Mayormente Positivo,48410,6366
On The Wind's Breath Playtest,2429910,,,,4.3,Strategy,linux,"10 Jul, 2023",29,Si,No,Mixto,74968,7645
One Circle,1473840,r3nsen,1.99,USD,3.1,Indie,windows,"11 Dec, 2020",30,Si,No,Mayormente Negativo,50346,961
Operator: Observation,2430710,Stronggaming Studios,To be announced,To be announced,3.8,Adventure,linux,To be announced,62,Si,No,Mayormente Positivo,83143,6844
Oscar's Paradise,1875520,BlueBranch,To be announced,To be announced,2.2,Strategy,mac,To be announced,1,Si,No,Mixto,88031,7091
Peep Invasion,1874530,Poema Games,4.99,USD,1.2,Adventure,mac,"4 May, 2022",47,Si,Si,Mixto,88480,8277
Periphery Online,1873750,Aleksandr Nagaev,4.99,USD,3.8,Strategy,windows,"19 Aug, 2022",44,Si,No,Mayormente Positivo,70489,1743
Phonk Cats,2430790,Soulwarmers Games,1.99,USD,3.9,RPG,linux,"26 May, 2023",51,No,Si,Mixto,70732,5367
PitBots,1474060,Wolferion Entertainment,,,3.8,RPG,mac,Q4 2024,87,Si,No,Muy Negativo,10732,8422
Pokoh,1472820,Ankor Studio,0.99,USD,4.5,Casual,linux,"4 Dec, 2020",42,Si,No,Muy positivo,75035,5929
Ponk's Jam: The Tulip Thief,2428370,Jamie Rowley,1.99,USD,3.3,RPG,linux,"31 Oct, 2023",47,No,Si,Mayormente Negativo,72052,1199
Potionomics,1874490,Voracious Games,24.99,USD,3.2,Adventure,linux,"17 Oct, 2022",2,No,Si,Mayormente Negativo,98797,1674
Pro Basketball Manager 2023,1875310,Umix Studios,19.99,USD,4.5,Strategy,mac,"10 Nov, 2022",90,No,Si,Mixto,20762,5882
Procambarus fallax,2429140,Sunowflake Studio,0.99,USD,2.7,Strategy,linux,"21 Aug, 2023",62,No,Si,Muy positivo,64188,8845
Project Bloom,1474190,Edom Games,To be announced,To be announced,2.4,Indie,windows,To be announced,33,No,Si,Mayormente Negativo,74272,5047
Pure Fun VR,2430260,Pure Fun Games,5.99,USD,3.2,RPG,windows,"8 Jul, 2023",37,No,No,Muy positivo,13602,6269
Pyramid Curse,2430510,SpoocleMacBoogle,2.99,USD,4.0,Action,windows,"20 Sep, 2023",29,No,Si,Muy Negativo,51263,5891
Quest for Gold,2428520,Small Miracles,To be announced,To be announced,3.1,Adventure,windows,To be announced,66,Si,No,Muy Negativo,47533,9271
ROG CITADEL XV,1472250,"ASUS GLOBAL PTE. LTD, Moonshine Creation CO., LTD.",0.00,,1.6,Adventure,linux,"12 Jan, 2021",79,No,No,Mixto,79686,1518
RPG Town,1874230,Cardboard Utopia,Coming soon,Coming soon,2.9,Adventure,linux,Coming soon,81,Si,Si,Mayormente Positivo,48717,1266
RUNNER RTX,1874840,Piece Of Voxel,24.99,USD,4.7,Strategy,mac,"9 Feb, 2022",81,Si,Si,Mixto,37488,2796
Radix Chronicle,2430540,Luna Flora,,,2.8,Indie,mac,Q4 2024,29,No,Si,Mayormente Positivo,96744,6060
Ready for Riot,1874980,Baked Games,To be announced,To be announced,3.0,Adventure,linux,To be announced,68,No,No,Mixto,35924,3942
Reds Adventure A Seasons New Beginning,1875850,CatCorp Studios,3.99,USD,2.8,RPG,mac,"4 Feb, 2022",1,No,Si,Mixto,66574,1871
Return Ace,1873720,NEROTA,4.99,USD,2.7,RPG,mac,"25 Mar, 2022",2,No,Si,Muy positivo,8533,9968
Rico-Ball Playtest,1472980,,,,2.0,Casual,windows,"22 Dec, 2020",58,Si,No,Muy Negativo,86049,6141
Rise of the samurai in VR,1473500,William at Oxford,9.99,USD,2.6,Action,linux,"30 Nov, 2020",90,No,Si,Mayormente Positivo,60011,3263
Roll the Dark Heart,2430810,Tentacliko,Coming soon,Coming soon,2.5,Indie,linux,Coming soon,65,Si,Si,Mayormente Positivo,21376,2137
Room Box,1874630,WexStudio,To be announced,To be announced,3.1,Indie,mac,To be announced,7,Si,Si,Muy Negativo,23935,4846
Rune Song,2429280,Sleepyhead Games,To be announced,To be announced,3.0,Casual,mac,To be announced,62,No,Si,Muy Negativo,34469,3566
Runner Party,1874950,Creartstudio,9.99,USD,2.6,Casual,linux,"22 Dec, 2022",1,No,Si,Mixto,53996,7299
SOLIVAGANT,2429420,"Myrha, Roody, Batty",,,3.3,RPG,linux,2025,3,Si,No,Mayormente Negativo,14865,2327
Sapiens Craft,2430110,Abra24,0.99,USD,2.7,Adventure,windows,"13 Jul, 2023",63,No,No,Mayormente Positivo,31909,33
Secret Series : BJ,1874770,Momentum Games,0.99,USD,2.1,Indie,linux,"31 Jan, 2022",86,Si,Si,Mayormente Positivo,98294,5003
Sensual Adventures - Episode 8,2430630,Puppetmaster3dx,17.99,USD,3.6,Strategy,windows,"30 Jul, 2023",34,No,No,Muy Negativo,19504,1875
Silver Cats,1472320,Silver Cats,17.99,USD,3.7,Strategy,mac,"18 Dec, 2020",2,Si,Si,Mayormente Negativo,59603,3257
SimBus,1472730,SimRail S.A.,Coming soon,Coming soon,3.8,Adventure,windows,Coming soon,73,Si,Si,Mayormente Positivo,71080,2578
Sketchy Fables,1472430,Alle Jong,To be announced,To be announced,4.5,Indie,mac,To be announced,20,No,No,Mixto,72713,5579
Slashers,1875810,HeadArrow,6.0,USD,2.6,Action,windows,"10 May, 2022",1,No,Si,Mixto,80287,2814
Slime Fantasy: the search for the lost sword,1472810,Super16bits,3.99,USD,3.7,RPG,windows,"4 Mar, 2021",79,No,No,Muy positivo,34662,3133
Space Nations - Battlearena,1473640,Linked Bits,13.99,USD,4.3,Adventure,mac,"22 Jan, 2021",84,No,No,Mixto,61647,4312
Spellthief Erinn,1474050,Synnergy Circle Games,Coming soon,Coming soon,2.3,Action,windows,Coming soon,1,Si,Si,Mayormente Negativo,73756,5141
Spicier Than Sugar!,2431030,Pervy Bunny Games,4.99,USD,3.1,Indie,linux,"7 Sep, 2023",63,No,No,Mayormente Positivo,11802,7069
Squab,2430820,"Guimaraf Studio, Nibb Games",1.99,USD,2.4,Action,linux,"15 May, 2024",51,No,Si,Muy positivo,41788,1250
Staircase55: A SCP-087 Story,2430980,MrPeanutBelly,Coming soon,Coming soon,3.0,RPG,windows,Coming soon,63,No,No,Mixto,96349,3888
"Stars, Stripes, and Subgames",2428470,Tiny Little Lion,11.99,USD,2.2,RPG,mac,"22 Jun, 2023",41,No,No,Mixto,63856,1575
Store Story,2429440,foolsroom,To be announced,To be announced,3.3,Strategy,windows,To be announced,48,No,Si,Mixto,64789,9848
Striker Zone: Gun Games Online,2430370,XDEVS LTD,0.00,,4.1,Indie,windows,"4 Jun, 2023",37,No,No,Muy positivo,41717,4487
Strongblade - Puzzle Quest and Match-3 Adventure,2430830,Dekovir,0.00,,2.4,Action,windows,"14 Sep, 2023",27,No,No,Mixto,6104,3557
Sudoku RPG,1474200,RainbowStudio,2.99,USD,2.8,Casual,windows,"10 Feb, 2021",73,Si,No,Mayormente Positivo,4723,403
Swimsuit Samurai,2428490,Cyber Scherzo Studios,To be announced,To be announced,3.7,Indie,windows,To be announced,41,No,No,Muy Negativo,90824,4655
THE CORRIDOR Playtest,1473110,,,,3.4,Strategy,linux,"14 Nov, 2020",15,No,Si,Mayormente Negativo,75998,5337
Tales of Finariel : Card based RPG,1473750,Rockdev,0.00,Coming soon,2.7,Casual,windows,Coming soon,30,Si,No,Muy positivo,78260,310
Tartaria: The forgotten tale,1875770,Pillars of Light Studios,Coming soon,Coming soon,4.4,Strategy,linux,Coming soon,92,No,No,Mayormente Negativo,31084,8413
The Blunderbuss,1875160,DoGame,0.99,USD,3.1,Casual,mac,"13 Oct, 2022",30,No,No,Mixto,43018,5819
The Caretaker Playtest,1472290,,,,3.3,Action,linux,"13 Nov, 2020",79,No,No,Mayormente Negativo,25062,821
The Chaser's Voyage,1473130,Bright at Midnight: A Game Studio,19.99,USD,3.7,Casual,windows,"17 Sep, 2021",23,Si,Si,Mayormente Negativo,46891,4470
The Fang,1473650,C-Laboratory,4.99,USD,2.6,Adventure,mac,"5 Jan, 2021",84,No,No,Mixto,86662,6051
The Hauntings: Dark Passenger,2429810,Broken Cuff Studio,Coming soon,Coming soon,2.9,Indie,linux,Coming soon,32,Si,Si,Mixto,83421,1369
The Humbling of a Holy Maiden,1473880,Night-time Sheep,9.99,USD,3.1,Action,mac,"10 Dec, 2021",19,Si,Si,Mayormente Positivo,23057,7024
The Last Stand at Camp Zombie,2428780,Sweet Dreams Studio,4.99,USD,4.5,Adventure,linux,"12 Feb, 2024",57,Si,No,Mayormente Negativo,32762,7883
The Sandwich Making Experience,2429360,Bendy Bananas Creative LLC,5.99,USD,4.9,Adventure,linux,"26 Jun, 2023",11,Si,No,Mayormente Positivo,34094,3683
The Struggle to Survive the Dragon Siege,2430080,Dragmoon,Coming soon,Coming soon,2.5,RPG,windows,Coming soon,19,Si,Si,Mayormente Positivo,31604,9590
Their Land,2430990,Thomas,4.99,USD,2.6,Indie,windows,"6 Jun, 2023",63,No,No,Mayormente Negativo,55904,9058
Third Defender,2428200,Shape de Grilo,Coming soon,Coming soon,4.6,RPG,windows,Coming soon,74,Si,No,Muy Negativo,35400,994
This is Timmy,1473180,"Maxim Kostin, Warren Clark",Coming soon,Coming soon,4.2,Indie,linux,Coming soon,23,Si,Si,Muy Negativo,47714,3216
Throne and Liberty Playtest,2429660,,,,4.2,Action,mac,"16 Jul, 2024",29,No,Si,Mayormente Positivo,64035,4984
Thyrian Defenders Playtest,1472420,,,,2.8,Adventure,linux,"11 Jan, 2021",20,No,No,Mayormente Positivo,9446,7501
Time Raiders,2430440,YOUZU SINGAPORE PTE LTD,0.00,,2.0,Adventure,windows,"5 Jun, 2023",45,No,Si,Mixto,81694,5967
Tinkertown Playtest,1474160,,,,4.3,Adventure,windows,"26 Nov, 2020",33,No,Si,Mayormente Positivo,65560,8914
TinyAttack,1472970,TinyBird Games,To be announced,To be announced,2.0,Adventure,mac,To be announced,26,No,Si,Mixto,33016,6291
Tree of Life 2 Playtest,1472220,,,,2.9,Action,windows,"21 Jan, 2022",79,No,No,Mayormente Positivo,92606,1516
True Maze Defiance,2430590,T2Enter,1.99,USD,1.0,Indie,mac,"30 May, 2023",65,Si,Si,Muy positivo,39123,4456
Typing Bullets,2429620,cip,1.99,USD,2.9,RPG,linux,"30 Jun, 2023",29,No,Si,Muy Negativo,24211,5263
Unknown FPV : Drone Simulator,2430910,Pipirs Solutions AB,To be announced,To be announced,3.1,Strategy,mac,To be announced,27,No,No,Muy Negativo,28428,3142
Unknown FPV: FPV Drone Simulator Playtest,2430920,,,,2.8,RPG,linux,"15 May, 2023",45,No,Si,Muy positivo,20703,5995
VAIL Alpha,1474090,,,,2.0,Indie,linux,"22 Feb, 2021",87,Si,No,Mayormente Negativo,40275,9092
VR-太阳系,2429330,001,1.99,USD,4.7,Indie,windows,"27 May, 2023",95,No,No,Mixto,69928,1848
VerdantOfWorld:LostWay,2430250,缓慢的蜗牛,1.99,USD,3.4,Casual,linux,"4 Jun, 2023",37,No,No,Muy Negativo,99826,369
Vilde,2430470,Chaotic Minds,,,4.0,RPG,linux,2024,29,No,Si,Mixto,46116,492
Violet Bricks,2430770,Vektro Digital,3.99,USD,3.6,RPG,linux,"30 May, 2023",51,No,Si,Mayormente Negativo,8125,5995
Volleyhalla,1874690,"""Wizards Age Studios""",,,2.3,RPG,windows,2025,7,Si,Si,Mixto,85023,8488
WILD WEST,1874340,LTZinc,0.99,USD,2.0,Casual,linux,"4 Feb, 2022",86,No,No,Muy Negativo,6289,4571
War Gun: Shooting Games Online,2430380,XDEVS LTD,0.00,,3.1,RPG,linux,"20 Jun, 2023",37,No,No,Mayormente Negativo,60925,9500
Welcome To... Chichester 2 - Part III : NightFall Playtest,1472990,,,,1.3,Action,windows,"16 Nov, 2020",58,Si,No,Mixto,79774,1133
Wonderbirds,1875180,"Maxim Nuriev, Alexander Foxly",Coming soon,Coming soon,3.0,Indie,windows,Coming soon,65,No,Si,Muy positivo,78490,3559
Woodcutter,2429450,NurLab,9.99,USD,2.1,Action,linux,"29 May, 2023",11,Si,No,Mayormente Positivo,81327,9497
Zealot,1473900,Prime Cut Games,Coming soon,Coming soon,2.6,Indie,mac,Coming soon,19,Si,Si,Mayormente Negativo,41209,1531
Zoo Tales,1875720,"Soein Studio, ChiEn, 十六椰子",9.99,USD,3.6,Strategy,linux,"14 Apr, 2022",34,Si,Si,Muy positivo,23002,6125
塔塔帝国,1875590,Huochairen Interactive Entertainment,0.00,,2.3,RPG,windows,"21 Feb, 2022",1,Si,No,Muy Negativo,98612,5137
天行镖客 (Sky Escort),2428310,相对艺术 Relativity Art,9.99,USD,2.9,Indie,windows,"19 Jun, 2024",47,No,Si,Mayormente Negativo,3590,8575
怪才俱乐部2-The Immortal Beloved2,2428460,橙光游戏,6.99,USD,1.5,Action,linux,"5 Jun, 2023",47,No,Si,Muy positivo,66641,886
怪盗探偵ブロンドレディ,1472380,幻想テクノロギア,3.99,USD,3.1,Casual,mac,"8 Feb, 2023",27,No,No,Mixto,27241,8808
月夜赞歌 Melody in the moonlight,1874780,Rolling Cat Studio,0.99,USD,2.2,Action,mac,"10 Feb, 2022",86,Si,Si,Muy Negativo,63460,5482
月夜赞歌 Melody in the moonlight Playtest,1875740,,,,3.0,Strategy,linux,"11 Dec, 2023",90,No,Si,Muy Negativo,59337,8376
江湖客栈-The Jianghu Playtest,2430450,,,,2.7,Adventure,linux,"5 Sep, 2023",63,No,No,Muy positivo,70647,5814
淤積的祈禱（Silted Prayer）,2429380,Seventeen horns,10.99,USD,2.9,Casual,windows,"4 Nov, 2023",11,Si,No,Muy Negativo,95371,3986
神经联结(Neural Nexus),2429710,why so serious?,0.99,USD,2.7,Casual,linux,"4 Nov, 2023",90,Si,Si,Mayormente Positivo,7249,1449
秋恋物语 Autumn Romance,1874810,异度沸腾动漫社-沸腾工作室,0.00,,3.2,Action,linux,"4 Feb, 2022",81,Si,Si,Mayormente Negativo,59565,8537
翔太の毕业季,2429970,Super brainless Nonsensical game しょうゆたろう,Coming soon,Coming soon,3.4,Action,mac,Coming soon,90,Si,No,Mayormente Negativo,33069,9111
英雄之旅,2431490,Jinwind,3.99,USD,2.8,RPG,linux,"20 Jun, 2023",65,Si,Si,Mayormente Positivo,32063,2544
黎明为歌 - Melody before the Dawn,1875140,Rolling Cat Studio,4.99,USD,4.2,RPG,mac,"11 Mar, 2022",30,No,No,Muy Negativo,63782,2450
